1568958995968233473,319,9756,2022-09-11T13:45:49Z
1568404042690297860,51,1524,2022-09-10T01:00:37Z
1568705757838802945,22,1632,2022-09-10T20:59:32Z
1569080050007392256,0,0,2022-09-11T21:46:50Z
1569079530647654403,0,0,2022-09-11T21:44:46Z
1569079027264065536,0,1,2022-09-11T21:42:46Z
1569078818522144768,0,0,2022-09-11T21:41:57Z
1569078115120316416,0,0,2022-09-11T21:39:09Z
1569077661019906058,0,0,2022-09-11T21:37:21Z
1569077613171195905,0,0,2022-09-11T21:37:09Z
1569076850424688641,1,1,2022-09-11T21:34:07Z
1569076661290962945,0,0,2022-09-11T21:33:22Z
1569075935982518272,0,0,2022-09-11T21:30:29Z
1569074475412357120,0,0,2022-09-11T21:24:41Z
1569073879435427841,0,1,2022-09-11T21:22:19Z
1569073717677891589,0,42,2022-09-11T21:21:40Z
1569073498068221952,1,0,2022-09-11T21:20:48Z
1569072559123222528,0,0,2022-09-11T21:17:04Z
1569072466609278980,0,0,2022-09-11T21:16:42Z
1569071385372155907,0,1,2022-09-11T21:12:24Z
1569070987899015169,0,0,2022-09-11T21:10:50Z
1569070919053869056,1,1,2022-09-11T21:10:33Z
1569070877353852929,0,2,2022-09-11T21:10:23Z
1569070748941033479,0,0,2022-09-11T21:09:53Z
1569070126166675461,0,1,2022-09-11T21:07:24Z
1569068686400491520,0,1,2022-09-11T21:01:41Z
1569068336868204546,0,0,2022-09-11T21:00:18Z
1569068286393958405,0,1,2022-09-11T21:00:06Z
1569067683601158144,0,0,2022-09-11T20:57:42Z
1569067636448952321,5,10,2022-09-11T20:57:31Z
1569067358919991296,0,0,2022-09-11T20:56:24Z
1569067260785868802,0,0,2022-09-11T20:56:01Z
1569066512077447168,1,1,2022-09-11T20:53:02Z
1569065853702012928,0,0,2022-09-11T20:50:26Z
1569065824488660992,0,1,2022-09-11T20:50:19Z
1569065787427590145,0,2,2022-09-11T20:50:10Z
1569065723628081164,0,0,2022-09-11T20:49:55Z
1569065705882152961,0,1,2022-09-11T20:49:50Z
1569065358023180288,0,0,2022-09-11T20:48:27Z
1569064801372090368,0,5,2022-09-11T20:46:15Z
1569064687614185472,0,0,2022-09-11T20:45:47Z
1569063681446526977,0,0,2022-09-11T20:41:48Z
1569063605869645825,0,0,2022-09-11T20:41:30Z
1569062280016322561,5,10,2022-09-11T20:36:13Z
1569061293876969472,0,1,2022-09-11T20:32:18Z
1569061128503808006,0,20,2022-09-11T20:31:39Z
1569060629280956417,0,0,2022-09-11T20:29:40Z
1569060054296297474,1,0,2022-09-11T20:27:23Z
1569059732463181828,0,0,2022-09-11T20:26:06Z
1569059322814152706,1,4,2022-09-11T20:24:28Z
1569058991208103940,0,1,2022-09-11T20:23:09Z
1569058505608290308,0,1,2022-09-11T20:21:14Z
1569058417918251008,0,1,2022-09-11T20:20:53Z
1569058239719014401,0,3,2022-09-11T20:20:10Z
1569058142516056065,0,0,2022-09-11T20:19:47Z
1569057980208844803,0,1,2022-09-11T20:19:08Z
1569057958327386113,0,1,2022-09-11T20:19:03Z
1569057846075232257,0,0,2022-09-11T20:18:36Z
1569057173258522624,0,0,2022-09-11T20:15:56Z
1569057041636892674,0,0,2022-09-11T20:15:25Z
1569057004437798912,0,0,2022-09-11T20:15:16Z
1569056945700470786,0,0,2022-09-11T20:15:02Z
1569056222887698433,0,0,2022-09-11T20:12:09Z
1569056096199012352,0,1,2022-09-11T20:11:39Z
1569055700516569089,0,0,2022-09-11T20:10:05Z
1569054980086145024,0,1,2022-09-11T20:07:13Z
1569054886075191296,0,0,2022-09-11T20:06:51Z
1569053794306248706,0,0,2022-09-11T20:02:30Z
1569053646263828480,0,1,2022-09-11T20:01:55Z
1569053488067543041,0,4,2022-09-11T20:01:17Z
1569053289399914500,5,11,2022-09-11T20:00:30Z
1569053288460345345,0,4,2022-09-11T20:00:30Z
1569053040572784644,3,8,2022-09-11T19:59:31Z
1569052975691354112,0,2,2022-09-11T19:59:15Z
1569052930623283200,0,0,2022-09-11T19:59:04Z
1569052880975323136,0,3,2022-09-11T19:58:53Z
1569052852391215105,0,0,2022-09-11T19:58:46Z
1569052556969771013,0,0,2022-09-11T19:57:35Z
1569052063258267654,0,0,2022-09-11T19:55:38Z
1569051911768137728,0,1,2022-09-11T19:55:01Z
1569051886665220097,0,0,2022-09-11T19:54:56Z
1569051237567414273,2,9,2022-09-11T19:52:21Z
1569051130058969088,1,1,2022-09-11T19:51:55Z
1569050655234428930,0,1,2022-09-11T19:50:02Z
1569050613303894016,0,0,2022-09-11T19:49:52Z
1569050252988096512,1,4,2022-09-11T19:48:26Z
1569049657698918400,0,0,2022-09-11T19:46:04Z
1569049276759642115,0,0,2022-09-11T19:44:33Z
1569049223957561347,0,1,2022-09-11T19:44:21Z
1569049181494419458,0,0,2022-09-11T19:44:11Z
1569048927407685632,1,1,2022-09-11T19:43:10Z
1569047976806424586,0,9,2022-09-11T19:39:23Z
1569047862994178048,0,0,2022-09-11T19:38:56Z
1569047813950177280,0,2,2022-09-11T19:38:45Z
1569047781976981504,0,0,2022-09-11T19:38:37Z
1569047731661832192,0,0,2022-09-11T19:38:25Z
1569047411711959041,2,2,2022-09-11T19:37:09Z
1569047138172080128,0,0,2022-09-11T19:36:03Z
1569047094144679936,0,0,2022-09-11T19:35:53Z
1569046880226611203,0,0,2022-09-11T19:35:02Z
1568403596521385985,0,1,2022-09-10T00:58:51Z
1568403477243768832,0,0,2022-09-10T00:58:23Z
1568403193796632578,0,1,2022-09-10T00:57:15Z
1568403120178298882,0,0,2022-09-10T00:56:58Z
1568403027513556992,2,4,2022-09-10T00:56:35Z
1568403010602115074,0,10,2022-09-10T00:56:31Z
1568403001165103104,0,3,2022-09-10T00:56:29Z
1568402872974413824,0,0,2022-09-10T00:55:59Z
1568402708150845443,0,1,2022-09-10T00:55:19Z
1568402682846617600,0,4,2022-09-10T00:55:13Z
1568402648814202882,0,1,2022-09-10T00:55:05Z
1568402502294421506,1,5,2022-09-10T00:54:30Z
1568402130863812608,0,3,2022-09-10T00:53:02Z
1568402111293001732,0,0,2022-09-10T00:52:57Z
1568402084458020864,0,1,2022-09-10T00:52:51Z
1568400949043163137,0,0,2022-09-10T00:48:20Z
1568400380492480513,0,0,2022-09-10T00:46:04Z
1568400374226362368,0,1,2022-09-10T00:46:03Z
1568399619670872065,0,0,2022-09-10T00:43:03Z
1568399542789312513,0,1,2022-09-10T00:42:45Z
1568399373561741313,0,0,2022-09-10T00:42:04Z
1568399231983185920,0,2,2022-09-10T00:41:31Z
1568399196582969351,0,0,2022-09-10T00:41:22Z
1568398775101833217,0,0,2022-09-10T00:39:42Z
1568398595744833536,1,5,2022-09-10T00:38:59Z
1568397663900508162,0,0,2022-09-10T00:35:17Z
1568397532518305793,0,0,2022-09-10T00:34:45Z
1568397220327657472,0,2,2022-09-10T00:33:31Z
1568397193207332864,0,0,2022-09-10T00:33:24Z
1568396843440275456,0,0,2022-09-10T00:32:01Z
1568395832587698176,0,0,2022-09-10T00:28:00Z
1568395681412390913,1,1,2022-09-10T00:27:24Z
1568395362569973760,0,0,2022-09-10T00:26:08Z
1568395246811348993,0,0,2022-09-10T00:25:40Z
1568394684451389440,2,4,2022-09-10T00:23:26Z
1568394598384340992,0,8,2022-09-10T00:23:06Z
1568394550506553346,0,1,2022-09-10T00:22:54Z
1568393945222356992,0,1,2022-09-10T00:20:30Z
1568393069216555008,0,0,2022-09-10T00:17:01Z
1568393063449370624,0,0,2022-09-10T00:17:00Z
1568392550779682818,0,0,2022-09-10T00:14:58Z
1568392520509308929,0,0,2022-09-10T00:14:50Z
1568391730373828609,0,3,2022-09-10T00:11:42Z
1568391508201537537,0,0,2022-09-10T00:10:49Z
1568391292924608519,0,0,2022-09-10T00:09:58Z
1568391281562320896,0,0,2022-09-10T00:09:55Z
1568391246061907971,0,4,2022-09-10T00:09:47Z
1568390505305673729,1,5,2022-09-10T00:06:50Z
1568390315870142464,0,6,2022-09-10T00:06:05Z
1568389791070175233,0,1,2022-09-10T00:04:00Z
1568388775025278976,0,0,2022-09-09T23:59:57Z
1568388773972529158,0,0,2022-09-09T23:59:57Z
1568388698148073477,0,1,2022-09-09T23:59:39Z
1568388598163988483,0,1,2022-09-09T23:59:15Z
1568388319687626754,0,1,2022-09-09T23:58:09Z
1568387871773528065,10,16,2022-09-09T23:56:22Z
1568387280615751681,0,0,2022-09-09T23:54:01Z
1568387236617502722,0,1,2022-09-09T23:53:51Z
1568387154073554946,0,0,2022-09-09T23:53:31Z
1568386484365045761,0,2,2022-09-09T23:50:51Z
1568386394636300288,0,0,2022-09-09T23:50:30Z
1568386322871762944,0,1,2022-09-09T23:50:13Z
1568385555896979458,0,1,2022-09-09T23:47:10Z
1568384919973371910,0,5,2022-09-09T23:44:38Z
1568384856433856514,0,0,2022-09-09T23:44:23Z
1568384775429169152,1,5,2022-09-09T23:44:04Z
1568384701878136833,0,1,2022-09-09T23:43:46Z
1568384633863110657,0,0,2022-09-09T23:43:30Z
1568384330199699456,1,13,2022-09-09T23:42:18Z
1568383879442231296,2,6,2022-09-09T23:40:30Z
1568383194424307718,2,4,2022-09-09T23:37:47Z
1568382323384516608,0,0,2022-09-09T23:34:19Z
1568382273803948033,0,1,2022-09-09T23:34:07Z
1568382199547707397,0,2,2022-09-09T23:33:50Z
1568382076222676998,0,0,2022-09-09T23:33:20Z
1568381738358738944,0,5,2022-09-09T23:32:00Z
1568381435014221826,0,1,2022-09-09T23:30:47Z
1568381072869625858,0,0,2022-09-09T23:29:21Z
1568380859430084609,0,1,2022-09-09T23:28:30Z
1568380391962152967,2,3,2022-09-09T23:26:39Z
1568380305706188801,3,15,2022-09-09T23:26:18Z
1568380178753114112,0,0,2022-09-09T23:25:48Z
1568380094313385986,0,0,2022-09-09T23:25:28Z
1568379949760798720,0,3,2022-09-09T23:24:53Z
1568379864113201154,0,0,2022-09-09T23:24:33Z
1568379786308845574,0,2,2022-09-09T23:24:14Z
1568379588551614464,0,2,2022-09-09T23:23:27Z
1568379185638383616,1,1,2022-09-09T23:21:51Z
1568379152910241794,0,2,2022-09-09T23:21:43Z
1568379019577511938,4,6,2022-09-09T23:21:11Z
1568378715972796416,1,6,2022-09-09T23:19:59Z
1568378218859692039,0,0,2022-09-09T23:18:01Z
1568378085069799426,0,0,2022-09-09T23:17:29Z
1568378063284588546,1,13,2022-09-09T23:17:23Z
1568377399632449537,0,2,2022-09-09T23:14:45Z
1568377363959775234,0,2,2022-09-09T23:14:37Z
1568376964892790784,0,0,2022-09-09T23:13:02Z
1568376222513602565,0,2,2022-09-09T23:10:05Z
1568375982289047558,0,0,2022-09-09T23:09:07Z
1568375095759880196,0,6,2022-09-09T23:05:36Z
1568375070300733445,0,0,2022-09-09T23:05:30Z
1568374943922159619,0,1,2022-09-09T23:05:00Z
1568374872400699394,0,0,2022-09-09T23:04:43Z
1568374837755740161,0,0,2022-09-09T23:04:34Z
1568374761830449152,0,1,2022-09-09T23:04:16Z
1568374515708882944,0,25,2022-09-09T23:03:18Z
1568374234124267521,1,4,2022-09-09T23:02:11Z
1568374139051720707,1,14,2022-09-09T23:01:48Z
1568373815889231872,1,1,2022-09-09T23:00:31Z
1568373684770934784,0,1,2022-09-09T23:00:00Z
1568373580987269125,3,56,2022-09-09T22:59:35Z
1568373306201440258,0,1,2022-09-09T22:58:29Z
1568372693199687680,0,1,2022-09-09T22:56:03Z
1568372681913020416,0,0,2022-09-09T22:56:00Z
1568372180123111424,0,0,2022-09-09T22:54:01Z
1568371559273725952,3,19,2022-09-09T22:51:33Z
1568371366956793857,0,4,2022-09-09T22:50:47Z
1568371024420274179,0,4,2022-09-09T22:49:25Z
1568370459850477568,0,0,2022-09-09T22:47:11Z
1568369910513819649,0,2,2022-09-09T22:45:00Z
1568369176217096198,0,1,2022-09-09T22:42:05Z
1568369174522593284,0,1,2022-09-09T22:42:04Z
1568368155667439618,0,1,2022-09-09T22:38:01Z
1568367916734889985,0,3,2022-09-09T22:37:04Z
1568367906076893184,0,3,2022-09-09T22:37:02Z
1568367385916354560,1,2,2022-09-09T22:34:58Z
1568367266051379200,1,14,2022-09-09T22:34:29Z
1568366558543548416,0,1,2022-09-09T22:31:41Z
1568366216347017226,1,6,2022-09-09T22:30:19Z
1568365608885952513,0,0,2022-09-09T22:27:54Z
1568365191347466240,6,25,2022-09-09T22:26:15Z
1568364007215480832,0,2,2022-09-09T22:21:32Z
1568363543136993280,0,2,2022-09-09T22:19:42Z
1568363106941665281,0,0,2022-09-09T22:17:58Z
1568363051602300928,0,0,2022-09-09T22:17:44Z
1568363017204539393,0,1,2022-09-09T22:17:36Z
1568361739229724673,4,7,2022-09-09T22:12:32Z
1568361582383570949,0,0,2022-09-09T22:11:54Z
1568361545503240192,1,4,2022-09-09T22:11:45Z
1568361500213116928,0,1,2022-09-09T22:11:35Z
1568361390238502915,2,142,2022-09-09T22:11:08Z
1568361387939823618,0,0,2022-09-09T22:11:08Z
1568361343383650305,0,0,2022-09-09T22:10:57Z
1568361172251861004,0,0,2022-09-09T22:10:16Z
1568361153121615874,1,1,2022-09-09T22:10:12Z
1568360887848927232,0,1,2022-09-09T22:09:09Z
1568360792252157953,3,11,2022-09-09T22:08:46Z
1568360296779255808,0,5,2022-09-09T22:06:48Z
1568360273920000000,0,1,2022-09-09T22:06:42Z
1568360236418744326,0,0,2022-09-09T22:06:33Z
1568360170857824260,1,2,2022-09-09T22:06:18Z
1568360116801654784,0,1,2022-09-09T22:06:05Z
1568360023629365249,0,0,2022-09-09T22:05:43Z
1568359912916553729,0,1,2022-09-09T22:05:16Z
1568359794032918529,0,0,2022-09-09T22:04:48Z
1568359579574042625,0,0,2022-09-09T22:03:57Z
1568359530999816192,0,4,2022-09-09T22:03:45Z
1568359402771726336,0,0,2022-09-09T22:03:14Z
1568359293967032320,0,1,2022-09-09T22:02:49Z
1568358306212708352,1,7,2022-09-09T21:58:53Z
1568358135219331074,0,1,2022-09-09T21:58:12Z
1568358058048499712,0,1,2022-09-09T21:57:54Z
1568357402885632000,2,11,2022-09-09T21:55:18Z
1568357156256370688,0,2,2022-09-09T21:54:19Z
1568355784580546560,0,1,2022-09-09T21:48:52Z
1568355028754173953,0,0,2022-09-09T21:45:52Z
1568354515228803072,0,0,2022-09-09T21:43:49Z
1568354474279993345,1,1,2022-09-09T21:43:39Z
1568353868295315457,0,1,2022-09-09T21:41:15Z
1568353739446026240,0,0,2022-09-09T21:40:44Z
1568353296850591745,0,4,2022-09-09T21:38:59Z
1568352939265200129,0,0,2022-09-09T21:37:33Z
1568352815365636096,0,0,2022-09-09T21:37:04Z
1568352480723091457,0,1,2022-09-09T21:35:44Z
1568352234345226240,0,6,2022-09-09T21:34:45Z
1568352152329797638,0,0,2022-09-09T21:34:26Z
1568352110420312064,0,0,2022-09-09T21:34:16Z
1568351824142569472,0,2,2022-09-09T21:33:08Z
1568351673508143105,0,0,2022-09-09T21:32:32Z
1568351630394802178,5,7,2022-09-09T21:32:21Z
1568351454632759296,0,3,2022-09-09T21:31:40Z
1568351263271550978,0,0,2022-09-09T21:30:54Z
1568351139015573505,0,1,2022-09-09T21:30:24Z
1568350602601840640,0,2,2022-09-09T21:28:16Z
1568349294658207745,0,2,2022-09-09T21:23:05Z
1568349272940093443,0,0,2022-09-09T21:22:59Z
1568349173958987777,1,3,2022-09-09T21:22:36Z
1568349038302609408,0,0,2022-09-09T21:22:03Z
1568348976063156224,0,0,2022-09-09T21:21:49Z
1568348584357265408,0,0,2022-09-09T21:20:15Z
1568348237320314883,0,1,2022-09-09T21:18:52Z
1568348050904547329,1,1,2022-09-09T21:18:08Z
1568347836667895808,1,11,2022-09-09T21:17:17Z
1568347629880328192,0,2,2022-09-09T21:16:28Z
1568347351995088897,0,0,2022-09-09T21:15:21Z
1568347076588896258,0,1,2022-09-09T21:14:16Z
1568346706713911301,0,1,2022-09-09T21:12:48Z
1568346288537718785,0,0,2022-09-09T21:11:08Z
1568345836957978624,0,1,2022-09-09T21:09:20Z
1568345829181902848,3,7,2022-09-09T21:09:18Z
1568345710847827971,1,7,2022-09-09T21:08:50Z
1568345318714126338,0,6,2022-09-09T21:07:17Z
1568345249189367813,0,1,2022-09-09T21:07:00Z
1568344913976369153,1,6,2022-09-09T21:05:40Z
1568344866979192832,0,0,2022-09-09T21:05:29Z
1568344000633110528,0,3,2022-09-09T21:02:02Z
1568343806130663426,1,0,2022-09-09T21:01:16Z
1568343692590682113,0,1,2022-09-09T21:00:49Z
1568343595836493826,0,6,2022-09-09T21:00:26Z
1568343402944552962,0,1,2022-09-09T20:59:40Z
1568343339002642432,0,2,2022-09-09T20:59:25Z
1568343094860615680,0,1,2022-09-09T20:58:26Z
1568342865310355458,1,4,2022-09-09T20:57:32Z
1568342690240299008,0,1,2022-09-09T20:56:50Z
1568342445032886277,0,0,2022-09-09T20:55:51Z
1568341993469919232,0,9,2022-09-09T20:54:04Z
1568341631966781443,0,0,2022-09-09T20:52:38Z
1568341471924998144,0,0,2022-09-09T20:51:59Z
1568341348385755136,0,0,2022-09-09T20:51:30Z
1568340498816929795,2,9,2022-09-09T20:48:07Z
1568339941247127553,1,3,2022-09-09T20:45:54Z
1568339722027827200,1,1,2022-09-09T20:45:02Z
1568339480678891521,0,5,2022-09-09T20:44:05Z
1568339220934041608,0,1,2022-09-09T20:43:03Z
1568338937894035457,0,7,2022-09-09T20:41:55Z
1568338705177272321,1,1,2022-09-09T20:41:00Z
1568338682486325248,0,4,2022-09-09T20:40:54Z
1568338629553954817,0,1,2022-09-09T20:40:42Z
1568337917659222016,0,0,2022-09-09T20:37:52Z
1568337689061072896,11,691,2022-09-09T20:36:58Z
1568337404183855105,0,1,2022-09-09T20:35:50Z
1568337299087282176,0,0,2022-09-09T20:35:25Z
1568337065682542598,0,4,2022-09-09T20:34:29Z
1568336762120060930,0,1,2022-09-09T20:33:17Z
1568336552694272000,1,11,2022-09-09T20:32:27Z
1568336449895792640,0,25,2022-09-09T20:32:02Z
1568335476133601290,0,17,2022-09-09T20:28:10Z
1568335373553799168,0,1,2022-09-09T20:27:45Z
1568334785512185859,1,2,2022-09-09T20:25:25Z
1568334543106490369,2,60,2022-09-09T20:24:27Z
1568333628626669570,0,0,2022-09-09T20:20:49Z
1568333494715314176,0,1,2022-09-09T20:20:18Z
1568333309016682498,0,0,2022-09-09T20:19:33Z
1568331751734272007,1,4,2022-09-09T20:13:22Z
1568331666095050753,0,1,2022-09-09T20:13:02Z
1568331189811019776,0,1,2022-09-09T20:11:08Z
1568329736111153152,0,95,2022-09-09T20:05:21Z
1568329490559897601,0,2,2022-09-09T20:04:23Z
1568329164830216195,0,0,2022-09-09T20:03:05Z
1568328984588337156,0,2,2022-09-09T20:02:22Z
1568328536766779392,0,2,2022-09-09T20:00:35Z
1568328023706828800,1,2,2022-09-09T19:58:33Z
1568327718948798465,0,0,2022-09-09T19:57:20Z
1568327241968279553,0,0,2022-09-09T19:55:27Z
1568327226168320002,1,3,2022-09-09T19:55:23Z
1568326887063027713,0,0,2022-09-09T19:54:02Z
1568326209062473729,0,1,2022-09-09T19:51:20Z
1568325419165974531,0,0,2022-09-09T19:48:12Z
1568324842759540736,0,4,2022-09-09T19:45:55Z
1568324728619941889,0,0,2022-09-09T19:45:28Z
1568324254810394629,0,5,2022-09-09T19:43:35Z
1568323973368238081,0,0,2022-09-09T19:42:27Z
1568323876920393728,0,6,2022-09-09T19:42:04Z
1568323187196272648,0,2,2022-09-09T19:39:20Z
1568322057481654273,0,1,2022-09-09T19:34:51Z
1568321950874755075,0,0,2022-09-09T19:34:25Z
1568321213931429889,0,3,2022-09-09T19:31:30Z
1568321111292792832,0,0,2022-09-09T19:31:05Z
1568320970808516616,0,1,2022-09-09T19:30:32Z
1568320930950139911,0,0,2022-09-09T19:30:22Z
1568320904957935618,1,1,2022-09-09T19:30:16Z
1568320443429392388,0,1,2022-09-09T19:28:26Z
1568320224931225603,0,0,2022-09-09T19:27:34Z
1568319046432456704,0,0,2022-09-09T19:22:53Z
1568318883118948352,0,2,2022-09-09T19:22:14Z
1568318551743684608,0,1,2022-09-09T19:20:55Z
1568318475566813187,0,1,2022-09-09T19:20:37Z
1568318389667381248,0,1,2022-09-09T19:20:16Z
1568318342552817671,0,1,2022-09-09T19:20:05Z
1568317888494272517,1,1,2022-09-09T19:18:17Z
1568317660282212356,0,6,2022-09-09T19:17:22Z
1568317243536347136,0,3,2022-09-09T19:15:43Z
1568316913339564036,0,1,2022-09-09T19:14:24Z
1568316648750194691,0,1,2022-09-09T19:13:21Z
1568316582551769088,2,0,2022-09-09T19:13:05Z
1568316378309853190,0,1,2022-09-09T19:12:17Z
1568315986847186948,0,3,2022-09-09T19:10:43Z
1568315899362287618,0,0,2022-09-09T19:10:22Z
1568315833029369860,0,0,2022-09-09T19:10:07Z
1568315653722968070,0,11,2022-09-09T19:09:24Z
1568314568321171456,0,3,2022-09-09T19:05:05Z
1568314561979351040,0,0,2022-09-09T19:05:04Z
1568314307955376130,0,0,2022-09-09T19:04:03Z
1568314077574832133,1,7,2022-09-09T19:03:08Z
1568314071669170186,2,13,2022-09-09T19:03:07Z
1568313665136349184,0,89,2022-09-09T19:01:30Z
1568313541538586625,0,4,2022-09-09T19:01:00Z
1568313302618439686,0,4,2022-09-09T19:00:03Z
1568312866343731201,0,0,2022-09-09T18:58:19Z
1568312390344646658,0,0,2022-09-09T18:56:26Z
1568311853847298048,0,0,2022-09-09T18:54:18Z
1568311314967330816,0,1,2022-09-09T18:52:09Z
1568310746005528576,3,12,2022-09-09T18:49:54Z
1568310642398089218,0,0,2022-09-09T18:49:29Z
1568310428303822848,0,13,2022-09-09T18:48:38Z
1568310034685116418,0,0,2022-09-09T18:47:04Z
1568309335503114240,0,1,2022-09-09T18:44:18Z
1568309291232239616,0,2,2022-09-09T18:44:07Z
1568309233275355136,0,0,2022-09-09T18:43:53Z
1568309149330731012,0,0,2022-09-09T18:43:33Z
1568309017092694016,0,1,2022-09-09T18:43:02Z
1568308513918844928,0,6,2022-09-09T18:41:02Z
1568308309241004032,0,0,2022-09-09T18:40:13Z
1568308224209682432,0,0,2022-09-09T18:39:53Z
1568308210695655430,0,0,2022-09-09T18:39:49Z
1568308184963780608,0,3,2022-09-09T18:39:43Z
1568308080655360001,0,2,2022-09-09T18:39:18Z
1568307723120574464,1,2,2022-09-09T18:37:53Z
1568306938441777152,0,2,2022-09-09T18:34:46Z
1568306933266010112,0,13,2022-09-09T18:34:45Z
1568306328925343746,0,2,2022-09-09T18:32:21Z
1568306323359399939,0,2,2022-09-09T18:32:19Z
1568306037660487680,0,3,2022-09-09T18:31:11Z
1568305740409982977,3,10,2022-09-09T18:30:00Z
1568305555852390403,0,3,2022-09-09T18:29:16Z
1568304855722106885,0,4,2022-09-09T18:26:29Z
1568304633789181952,3,7,2022-09-09T18:25:37Z
1568304601316888576,0,0,2022-09-09T18:25:29Z
1568303524626284546,0,1,2022-09-09T18:21:12Z
1568303361044410368,0,0,2022-09-09T18:20:33Z
1568303022673108992,0,0,2022-09-09T18:19:12Z
1568302018149638145,0,0,2022-09-09T18:15:13Z
1568301166710120451,0,0,2022-09-09T18:11:50Z
1568300972715249669,3,689,2022-09-09T18:11:04Z
1568300372791332872,0,0,2022-09-09T18:08:41Z
1568299852957712386,0,0,2022-09-09T18:06:37Z
1568298370757984257,0,2,2022-09-09T18:00:43Z
1568298315158110208,5,15,2022-09-09T18:00:30Z
1568297856288673792,4,12,2022-09-09T17:58:41Z
1568297269635473409,0,1,2022-09-09T17:56:21Z
1568296693547896834,0,1,2022-09-09T17:54:03Z
1568296643187064837,0,0,2022-09-09T17:53:51Z
1568296405646589953,0,1,2022-09-09T17:52:55Z
1568296013512720385,0,8,2022-09-09T17:51:21Z
1568295386971865088,0,1,2022-09-09T17:48:52Z
1568295319561175041,0,3,2022-09-09T17:48:36Z
1568294985833025536,0,0,2022-09-09T17:47:16Z
1568294095398834176,0,2,2022-09-09T17:43:44Z
1568293649771012098,0,2,2022-09-09T17:41:58Z
1568293424356544512,0,3,2022-09-09T17:41:04Z
1568291790276513792,0,3,2022-09-09T17:34:34Z
1568291744697012224,5,15,2022-09-09T17:34:24Z
1568291590409519105,0,2,2022-09-09T17:33:47Z
1568291546126057474,0,0,2022-09-09T17:33:36Z
1568290960551059457,0,2,2022-09-09T17:31:17Z
1568290070477643776,0,2,2022-09-09T17:27:44Z
1568289599784468483,0,1,2022-09-09T17:25:52Z
1568289386164359170,0,0,2022-09-09T17:25:01Z
1568288903123341313,0,1,2022-09-09T17:23:06Z
1568288862233067520,0,0,2022-09-09T17:22:56Z
1568288246047641600,1,34,2022-09-09T17:20:29Z
1568287851728588801,0,3,2022-09-09T17:18:55Z
1568287528343732224,0,1,2022-09-09T17:17:38Z
1568287327885164544,0,1,2022-09-09T17:16:50Z
1568286786182610944,0,1,2022-09-09T17:14:41Z
1568286488932061188,0,1,2022-09-09T17:13:30Z
1568286335710142466,0,0,2022-09-09T17:12:54Z
1568285965591928832,0,0,2022-09-09T17:11:26Z
1568285457816981510,0,0,2022-09-09T17:09:25Z
1568285289977880576,0,0,2022-09-09T17:08:45Z
1568285189834698752,0,2,2022-09-09T17:08:21Z
1568283358375071744,0,5,2022-09-09T17:01:04Z
1568283061237809153,0,0,2022-09-09T16:59:53Z
1568282821688541185,0,2,2022-09-09T16:58:56Z
1568282549461417984,0,1,2022-09-09T16:57:51Z
1568282224159752193,0,8,2022-09-09T16:56:34Z
1568282209102209026,0,7,2022-09-09T16:56:30Z
1568282146384625665,0,3,2022-09-09T16:56:15Z
1568281786047778816,0,0,2022-09-09T16:54:49Z
1568281544024031232,0,0,2022-09-09T16:53:52Z
1568281373542338560,0,0,2022-09-09T16:53:11Z
1568281301500981254,0,0,2022-09-09T16:52:54Z
1568281121527406594,0,0,2022-09-09T16:52:11Z
1568281048210890754,0,0,2022-09-09T16:51:53Z
1568280926425157637,0,0,2022-09-09T16:51:24Z
1568280870640910336,1,9,2022-09-09T16:51:11Z
1568280150168453123,0,3,2022-09-09T16:48:19Z
1568280023429160961,0,0,2022-09-09T16:47:49Z
1568279524009451521,0,1,2022-09-09T16:45:50Z
1568279262184239104,0,0,2022-09-09T16:44:47Z
1568278887393632256,0,6,2022-09-09T16:43:18Z
1568278666567892993,0,7,2022-09-09T16:42:25Z
1568278643574456321,0,1,2022-09-09T16:42:20Z
1568277714079023114,0,1,2022-09-09T16:38:38Z
1568277472013352960,0,0,2022-09-09T16:37:41Z
1568276868024999937,1,5,2022-09-09T16:35:17Z
1568276720570048514,0,1,2022-09-09T16:34:42Z
1568275777556193283,0,8,2022-09-09T16:30:57Z
1568275770379800577,0,1,2022-09-09T16:30:55Z
1568275725509165061,0,0,2022-09-09T16:30:44Z
1568275150654652417,1,2,2022-09-09T16:28:27Z
1568274801176854530,1,10,2022-09-09T16:27:04Z
1568274684801589251,2,0,2022-09-09T16:26:36Z
1568273921547579394,0,0,2022-09-09T16:23:34Z
1568273056950280193,2,144,2022-09-09T16:20:08Z
1568272206018527233,0,1,2022-09-09T16:16:45Z
1568272083922178048,0,1,2022-09-09T16:16:16Z
1568271967093940225,0,0,2022-09-09T16:15:48Z
1568271935309754368,0,0,2022-09-09T16:15:41Z
1568271529858965506,0,0,2022-09-09T16:14:04Z
1568271494815301634,0,1,2022-09-09T16:13:56Z
1568270755875504129,0,1,2022-09-09T16:10:59Z
1568270527269150720,0,0,2022-09-09T16:10:05Z
1568269969485430785,0,0,2022-09-09T16:07:52Z
1568269548113084417,0,1,2022-09-09T16:06:11Z
1568268482248065024,0,0,2022-09-09T16:01:57Z
1568268133642690561,0,3,2022-09-09T16:00:34Z
1568267874661179396,1,205,2022-09-09T15:59:32Z
1568267483102019584,0,0,2022-09-09T15:57:59Z
1568267454710939650,0,1,2022-09-09T15:57:52Z
1568266907115048960,0,0,2022-09-09T15:55:42Z
1568266722070650881,0,1,2022-09-09T15:54:58Z
1568266225590870016,0,0,2022-09-09T15:52:59Z
1568266204673937409,0,0,2022-09-09T15:52:54Z
1568265143825629185,0,1,2022-09-09T15:48:41Z
1568264562130165761,0,1,2022-09-09T15:46:23Z
1568264488050372610,0,0,2022-09-09T15:46:05Z
1568263408935653376,5,22,2022-09-09T15:41:48Z
1568263315100684288,0,0,2022-09-09T15:41:25Z
1568263236113387521,1,1,2022-09-09T15:41:07Z
1568262822114594818,0,0,2022-09-09T15:39:28Z
1568262275223506947,0,1,2022-09-09T15:37:17Z
1568261906535972866,0,0,2022-09-09T15:35:50Z
1568261722342916099,0,1,2022-09-09T15:35:06Z
1568261531967561730,0,1,2022-09-09T15:34:20Z
1568261530814394370,4,51,2022-09-09T15:34:20Z
1568260932358266880,0,6,2022-09-09T15:31:57Z
1568259661048020993,0,0,2022-09-09T15:26:54Z
1568259321049370625,0,0,2022-09-09T15:25:33Z
1568258961643814912,0,0,2022-09-09T15:24:07Z
1568258269428305921,0,14,2022-09-09T15:21:22Z
1568258191712026625,0,44,2022-09-09T15:21:04Z
1568257971733372928,32,1859,2022-09-09T15:20:11Z
1568257942490648577,0,0,2022-09-09T15:20:04Z
1568257830918193152,3,19,2022-09-09T15:19:38Z
1568257550835142656,0,0,2022-09-09T15:18:31Z
1568257519960694784,0,2,2022-09-09T15:18:24Z
1568256892706689030,0,5,2022-09-09T15:15:54Z
1568256885614342144,0,2,2022-09-09T15:15:52Z
1568256402497355776,0,2,2022-09-09T15:13:57Z
1568256182900461569,2,12,2022-09-09T15:13:05Z
1568256085055913985,0,16,2022-09-09T15:12:42Z
1568255960980017155,0,2,2022-09-09T15:12:12Z
1568255242986483712,0,1,2022-09-09T15:09:21Z
1568255144512438274,0,0,2022-09-09T15:08:57Z
1568255094210150400,0,1,2022-09-09T15:08:45Z
1568254798570348544,0,1,2022-09-09T15:07:35Z
1568254774423818240,0,0,2022-09-09T15:07:29Z
1568254482546311169,0,1,2022-09-09T15:06:20Z
1568253968085819392,0,0,2022-09-09T15:04:17Z
1568253158618533890,1,1,2022-09-09T15:01:04Z
1568252075603292160,0,0,2022-09-09T14:56:46Z
1568251342531235841,0,1,2022-09-09T14:53:51Z
1568250653591629828,0,2,2022-09-09T14:51:07Z
1568249979906449412,0,1,2022-09-09T14:48:26Z
1568249461863759872,0,1,2022-09-09T14:46:23Z
1568248721015463937,2,7,2022-09-09T14:43:26Z
1568248580321996804,0,0,2022-09-09T14:42:52Z
1568248271008563200,2,9,2022-09-09T14:41:39Z
1568248084865470464,0,0,2022-09-09T14:40:54Z
1568247746867654656,0,0,2022-09-09T14:39:34Z
1568247605234114564,0,4,2022-09-09T14:39:00Z
1568247402422755328,0,1,2022-09-09T14:38:12Z
1568246769254801408,0,0,2022-09-09T14:35:41Z
1568245711166402561,0,1,2022-09-09T14:31:28Z
1568245519163465735,1,2,2022-09-09T14:30:43Z
1568245338020130820,0,0,2022-09-09T14:29:59Z
1568245261704777728,0,2,2022-09-09T14:29:41Z
1568245220567023623,0,0,2022-09-09T14:29:31Z
1568243587569139713,0,0,2022-09-09T14:23:02Z
1568243469390331906,1,4,2022-09-09T14:22:34Z
1568242239394160642,0,15,2022-09-09T14:17:41Z
1568241306656440321,0,1,2022-09-09T14:13:58Z
1568241144286396416,0,0,2022-09-09T14:13:19Z
1568241082101829632,0,2,2022-09-09T14:13:05Z
1568240069022027776,0,0,2022-09-09T14:09:03Z
1568239758010195968,0,0,2022-09-09T14:07:49Z
1568239427322798082,0,1,2022-09-09T14:06:30Z
1568239318094778370,1,2,2022-09-09T14:06:04Z
1568238952305262592,0,0,2022-09-09T14:04:37Z
1568238672134144000,0,1,2022-09-09T14:03:30Z
1568238036713865217,0,4,2022-09-09T14:00:59Z
1568237356125396992,0,0,2022-09-09T13:58:16Z
1568235644996186112,0,0,2022-09-09T13:51:28Z
1568234913509294080,7,18,2022-09-09T13:48:34Z
1568234706260344836,0,1,2022-09-09T13:47:45Z
1568234140478181377,0,0,2022-09-09T13:45:30Z
1568233763456569344,0,3,2022-09-09T13:44:00Z
1568233591007592448,0,2,2022-09-09T13:43:19Z
1568233443443482630,1,4,2022-09-09T13:42:43Z
1568233354603945985,0,2,2022-09-09T13:42:22Z
1568233274245251077,0,0,2022-09-09T13:42:03Z
1568233257031946241,0,0,2022-09-09T13:41:59Z
1568233243979255809,0,0,2022-09-09T13:41:56Z
1568233190422200321,6,62,2022-09-09T13:41:43Z
1568232873919922176,0,2,2022-09-09T13:40:28Z
1568232839543488513,0,0,2022-09-09T13:40:19Z
1568232258305228800,0,0,2022-09-09T13:38:01Z
1568230687945228289,0,4,2022-09-09T13:31:46Z
1568229854549778434,0,0,2022-09-09T13:28:28Z
1568229319234707458,0,22,2022-09-09T13:26:20Z
1568228383959523328,4,10,2022-09-09T13:22:37Z
1568228088810455043,0,1,2022-09-09T13:21:27Z
1568227873210736643,0,1,2022-09-09T13:20:35Z
1568227582973444098,0,4,2022-09-09T13:19:26Z
1568226983380766722,0,0,2022-09-09T13:17:03Z
1568226785459937280,1,5,2022-09-09T13:16:16Z
1568226696444399618,0,0,2022-09-09T13:15:55Z
1568224921469206528,0,0,2022-09-09T13:08:52Z
1568224575929946113,0,1,2022-09-09T13:07:29Z
1568224358123950084,0,1,2022-09-09T13:06:37Z
1568224243317342211,0,1,2022-09-09T13:06:10Z
1568223914974666753,0,4,2022-09-09T13:04:52Z
1568223901573840897,2,30,2022-09-09T13:04:48Z
1568223633805348864,0,0,2022-09-09T13:03:45Z
1568223594714484736,0,0,2022-09-09T13:03:35Z
1568223594395615240,0,0,2022-09-09T13:03:35Z
1568223529400733697,0,0,2022-09-09T13:03:20Z
1568223483414429698,0,0,2022-09-09T13:03:09Z
1568222515121758208,0,0,2022-09-09T12:59:18Z
1568221801901162496,0,0,2022-09-09T12:56:28Z
1568221752022425601,0,0,2022-09-09T12:56:16Z
1568221655062781955,0,1,2022-09-09T12:55:53Z
1568221538570092544,0,3,2022-09-09T12:55:25Z
1568220893868085257,0,2,2022-09-09T12:52:51Z
1568219103462305793,0,2,2022-09-09T12:45:45Z
1568219003222474755,0,36,2022-09-09T12:45:21Z
1568218178907406336,0,0,2022-09-09T12:42:04Z
1568217986154070020,0,0,2022-09-09T12:41:18Z
1568217444581343234,0,1,2022-09-09T12:39:09Z
1568215808060575744,0,2,2022-09-09T12:32:39Z
1568215785646034945,0,1,2022-09-09T12:32:33Z
1568214163759005697,0,0,2022-09-09T12:26:07Z
1568212093983145984,0,4,2022-09-09T12:17:53Z
1568211490779590657,0,2,2022-09-09T12:15:30Z
1568211423477514240,0,1,2022-09-09T12:15:13Z
1568210396103823360,0,1,2022-09-09T12:11:09Z
1568209922722074624,0,1,2022-09-09T12:09:16Z
1568209844913700865,0,2,2022-09-09T12:08:57Z
1568208275312631811,0,2,2022-09-09T12:02:43Z
1568207916708122627,6,28,2022-09-09T12:01:17Z
1568207645865123841,0,0,2022-09-09T12:00:13Z
1568207345691377664,0,0,2022-09-09T11:59:01Z
1568206024456261636,0,2,2022-09-09T11:53:46Z
1568205974036422656,0,4,2022-09-09T11:53:34Z
1568204119797633025,0,0,2022-09-09T11:46:12Z
1568203983289720833,0,0,2022-09-09T11:45:40Z
1568203410033328129,0,0,2022-09-09T11:43:23Z
1568201157763530762,0,1,2022-09-09T11:34:26Z
1568199645750333443,0,0,2022-09-09T11:28:25Z
1568199205407047681,0,0,2022-09-09T11:26:40Z
1568198513200177152,0,1,2022-09-09T11:23:55Z
1568198322552279040,1,0,2022-09-09T11:23:10Z
1568196702988804098,0,0,2022-09-09T11:16:44Z
1568196693706817536,0,0,2022-09-09T11:16:42Z
1568196662799093761,0,0,2022-09-09T11:16:34Z
1568196656671203329,0,0,2022-09-09T11:16:33Z
1568196577767952384,0,10,2022-09-09T11:16:14Z
1568196199139753990,2,3,2022-09-09T11:14:44Z
1568196119951204352,0,1,2022-09-09T11:14:25Z
1568195623546912768,0,0,2022-09-09T11:12:26Z
1568194522814857221,0,2,2022-09-09T11:08:04Z
1568192614134087680,0,1,2022-09-09T11:00:29Z
1568189960028553216,0,0,2022-09-09T10:49:56Z
1568189633577590784,0,4,2022-09-09T10:48:38Z
1568189587603726339,0,0,2022-09-09T10:48:27Z
1568188757907472385,0,2,2022-09-09T10:45:10Z
1568185683810078725,0,0,2022-09-09T10:32:57Z
1568184948623802370,0,0,2022-09-09T10:30:01Z
1568184499032281088,0,0,2022-09-09T10:28:14Z
1568183952975740928,0,0,2022-09-09T10:26:04Z
1568183219358408708,0,0,2022-09-09T10:23:09Z
1568182596802154497,1,0,2022-09-09T10:20:41Z
1568181022637920256,0,5,2022-09-09T10:14:25Z
1568179855165984768,0,2,2022-09-09T10:09:47Z
1568175332850651137,2,80,2022-09-09T09:51:49Z
1568175236939657217,1,3,2022-09-09T09:51:26Z
1568174629268733955,0,0,2022-09-09T09:49:01Z
1568173697197916161,0,5,2022-09-09T09:45:19Z
1568172823113244675,0,0,2022-09-09T09:41:50Z
1568172790364225536,0,4,2022-09-09T09:41:43Z
1568172524193648644,0,1,2022-09-09T09:40:39Z
1568172018062745601,3,12,2022-09-09T09:38:38Z
1568170851039850499,0,0,2022-09-09T09:34:00Z
1568170496293748737,0,0,2022-09-09T09:32:36Z
1568170298847141890,0,10,2022-09-09T09:31:49Z
1568169708205096960,2,11,2022-09-09T09:29:28Z
1568169207019278337,0,0,2022-09-09T09:27:28Z
1568168349313470466,0,0,2022-09-09T09:24:04Z
1568167854444318720,0,0,2022-09-09T09:22:06Z
1568167384678125568,0,2,2022-09-09T09:20:14Z
1568167177336807425,0,1,2022-09-09T09:19:24Z
1568166158007934978,0,0,2022-09-09T09:15:21Z
1568165694637838338,0,1,2022-09-09T09:13:31Z
1568164679851343876,21,25,2022-09-09T09:09:29Z
1568164124735213568,0,5,2022-09-09T09:07:17Z
1568163366224396289,0,0,2022-09-09T09:04:16Z
1568163049793622017,1,77,2022-09-09T09:03:00Z
1568162897913839616,0,0,2022-09-09T09:02:24Z
1568159494533685248,0,0,2022-09-09T08:48:53Z
1568158089219801094,0,0,2022-09-09T08:43:18Z
1568157964220915715,1,0,2022-09-09T08:42:48Z
1568157556878757888,0,0,2022-09-09T08:41:11Z
1568157374573314048,0,0,2022-09-09T08:40:27Z
1568154701857792001,0,0,2022-09-09T08:29:50Z
1568154548744736768,0,16,2022-09-09T08:29:13Z
1568152611936763904,0,1,2022-09-09T08:21:32Z
1568152136097366016,0,0,2022-09-09T08:19:38Z
1568151097281241089,0,0,2022-09-09T08:15:31Z
1568150311075827713,0,0,2022-09-09T08:12:23Z
1568148601242636288,0,1,2022-09-09T08:05:35Z
1568147586892156928,0,0,2022-09-09T08:01:34Z
1568146797859868674,0,2,2022-09-09T07:58:26Z
1568146564878680064,0,0,2022-09-09T07:57:30Z
1568146193284493312,0,0,2022-09-09T07:56:01Z
1568145307656929282,0,6,2022-09-09T07:52:30Z
1568145194306117632,0,0,2022-09-09T07:52:03Z
1568144629433860097,0,0,2022-09-09T07:49:49Z
1568143435260956673,0,1,2022-09-09T07:45:04Z
1568143341833035777,3,8,2022-09-09T07:44:42Z
1568143314129494016,0,7,2022-09-09T07:44:35Z
1568141592300765185,0,0,2022-09-09T07:37:44Z
1568140885686206466,3,5,2022-09-09T07:34:56Z
1568135494684246016,5,0,2022-09-09T07:13:31Z
1568135190140026882,0,0,2022-09-09T07:12:18Z
1568134238691639296,0,0,2022-09-09T07:08:31Z
1568133373733765122,0,0,2022-09-09T07:05:05Z
1568129318592593921,0,0,2022-09-09T06:48:58Z
1568128440183693312,3,3,2022-09-09T06:45:29Z
1568128074662744064,0,5,2022-09-09T06:44:02Z
1568128014717689860,0,51,2022-09-09T06:43:47Z
1568127653403582464,0,0,2022-09-09T06:42:21Z
1568127619811676165,0,6,2022-09-09T06:42:13Z
1568127523527196672,0,2,2022-09-09T06:41:50Z
1568126952040501248,0,1,2022-09-09T06:39:34Z
1568125692780621824,0,0,2022-09-09T06:34:34Z
1568123836037726208,0,13,2022-09-09T06:27:11Z
1568121600553242624,0,0,2022-09-09T06:18:18Z
1568119433842905088,0,4,2022-09-09T06:09:41Z
1568118756844486658,0,0,2022-09-09T06:07:00Z
1568118705057562626,0,1,2022-09-09T06:06:48Z
1568117481029668871,0,2,2022-09-09T06:01:56Z
1568115766775488512,0,3,2022-09-09T05:55:07Z
1568114820259483651,0,1,2022-09-09T05:51:21Z
1568114613270585345,0,1,2022-09-09T05:50:32Z
1568113415993933825,0,2,2022-09-09T05:45:47Z
1568112640521535488,0,0,2022-09-09T05:42:42Z
1568112502172487686,0,5,2022-09-09T05:42:09Z
1568111854450348034,1,16,2022-09-09T05:39:34Z
1568111587004764162,0,0,2022-09-09T05:38:31Z
1568110469344378884,0,1,2022-09-09T05:34:04Z
1568109997640269824,0,3,2022-09-09T05:32:12Z
1568109499864555520,1,0,2022-09-09T05:30:13Z
1568108913773498369,0,1,2022-09-09T05:27:53Z
1568108145200828416,0,2,2022-09-09T05:24:50Z
1568107761044701184,0,0,2022-09-09T05:23:18Z
1568106715333402626,0,0,2022-09-09T05:19:09Z
1568105441481179136,0,0,2022-09-09T05:14:05Z
1568105314628558849,0,0,2022-09-09T05:13:35Z
1568104261640232960,0,0,2022-09-09T05:09:24Z
1568104138767990785,0,2,2022-09-09T05:08:55Z
1568103494413950977,0,2,2022-09-09T05:06:21Z
1568102072939335682,0,4,2022-09-09T05:00:42Z
1568101783192629251,0,0,2022-09-09T04:59:33Z
1568099459917312000,1,0,2022-09-09T04:50:19Z
1568098817118986240,0,0,2022-09-09T04:47:46Z
1568098456064892928,0,1,2022-09-09T04:46:20Z
1568097762297643011,0,1,2022-09-09T04:43:35Z
1568096711360258048,0,0,2022-09-09T04:39:24Z
1568094864708960258,0,3,2022-09-09T04:32:04Z
1568093952183619584,0,0,2022-09-09T04:28:26Z
1568093888727994369,1,7,2022-09-09T04:28:11Z
1568093378369265664,0,1,2022-09-09T04:26:09Z
1568093083413135360,0,0,2022-09-09T04:24:59Z
1568092802688376832,0,0,2022-09-09T04:23:52Z
1568092613395496960,0,0,2022-09-09T04:23:07Z
1568090080132169728,0,1,2022-09-09T04:13:03Z
1568089140171866112,0,0,2022-09-09T04:09:19Z
1568089074455515140,1,1,2022-09-09T04:09:03Z
1568088064483893252,0,1,2022-09-09T04:05:02Z
1568086523349721089,0,1,2022-09-09T03:58:55Z
1568086004535541766,0,0,2022-09-09T03:56:51Z
1568085868858195971,0,0,2022-09-09T03:56:19Z
1568085101141004288,0,0,2022-09-09T03:53:16Z
1568084296061308934,0,0,2022-09-09T03:50:04Z
1568083786864410624,0,0,2022-09-09T03:48:03Z
1568083643696021505,0,2,2022-09-09T03:47:28Z
1568083138231902208,1,1,2022-09-09T03:45:28Z
1568082951681753088,2,13,2022-09-09T03:44:43Z
1568082121788383232,0,0,2022-09-09T03:41:26Z
1568081961117224962,0,0,2022-09-09T03:40:47Z
1568081179097587712,0,9,2022-09-09T03:37:41Z
1568080967725719552,0,0,2022-09-09T03:36:50Z
1568079859498520576,0,3,2022-09-09T03:32:26Z
1568079367619616772,0,0,2022-09-09T03:30:29Z
1568079204973158400,0,0,2022-09-09T03:29:50Z
1568078099970985985,0,2,2022-09-09T03:25:27Z
1568077887827505153,0,1,2022-09-09T03:24:36Z
1568077844856848384,0,1,2022-09-09T03:24:26Z
1568077365762457600,0,2,2022-09-09T03:22:32Z
1568077341594886144,0,0,2022-09-09T03:22:26Z
1568076465723301888,0,0,2022-09-09T03:18:57Z
1568075949257723907,0,0,2022-09-09T03:16:54Z
1568075160183541760,0,1,2022-09-09T03:13:46Z
1568075019988893697,0,2,2022-09-09T03:13:12Z
1568073055703810049,0,1,2022-09-09T03:05:24Z
1568072842100580353,1,2,2022-09-09T03:04:33Z
1568071657943715841,0,0,2022-09-09T02:59:51Z
1568071577660448774,0,0,2022-09-09T02:59:32Z
1568071245333151750,0,0,2022-09-09T02:58:12Z
1568070787810168834,0,2,2022-09-09T02:56:23Z
1568070775529259010,1,33,2022-09-09T02:56:20Z
1568070542997200896,0,0,2022-09-09T02:55:25Z
1568069930720845824,0,0,2022-09-09T02:52:59Z
1568069565988446210,0,2,2022-09-09T02:51:32Z
1568069498653102082,0,0,2022-09-09T02:51:16Z
1568069323541053440,0,0,2022-09-09T02:50:34Z
1568068781007863808,0,1,2022-09-09T02:48:25Z
1568068617899769859,0,1,2022-09-09T02:47:46Z
1568068561309995008,0,0,2022-09-09T02:47:32Z
1568068165006934016,0,0,2022-09-09T02:45:58Z
1568068155221708800,0,14,2022-09-09T02:45:56Z
1568066924013146114,0,6,2022-09-09T02:41:02Z
1568066349024305152,0,1,2022-09-09T02:38:45Z
1568065992009318401,0,0,2022-09-09T02:37:20Z
1568065263404306434,0,0,2022-09-09T02:34:26Z
1568064699346087936,0,7,2022-09-09T02:32:12Z
1568064399264595968,0,0,2022-09-09T02:31:00Z
1568064369954623489,0,1,2022-09-09T02:30:53Z
1568064173522690053,0,0,2022-09-09T02:30:06Z
1568063841501696002,0,0,2022-09-09T02:28:47Z
1568063811789135872,0,0,2022-09-09T02:28:40Z
1568063641089413121,42,1489,2022-09-09T02:27:59Z
1568062409612435460,0,0,2022-09-09T02:23:06Z
1568062313340538882,0,0,2022-09-09T02:22:43Z
1568062038047440897,0,0,2022-09-09T02:21:37Z
1568061512341753856,0,1,2022-09-09T02:19:32Z
1568061041094922243,0,6,2022-09-09T02:17:40Z
1568060870453780480,0,3,2022-09-09T02:16:59Z
1568060731345575936,0,3,2022-09-09T02:16:26Z
1568060450067169283,0,0,2022-09-09T02:15:19Z
1568060016476966912,0,4,2022-09-09T02:13:35Z
1568059330733162496,1,2,2022-09-09T02:10:52Z
1568059046489382912,1,0,2022-09-09T02:09:44Z
1568058968626577409,0,1,2022-09-09T02:09:25Z
1568057968515497984,0,0,2022-09-09T02:05:27Z
1568056630956154880,1,5,2022-09-09T02:00:08Z
1568056460927459328,0,9,2022-09-09T01:59:28Z
1568056444473196544,0,1,2022-09-09T01:59:24Z
1568056216844226562,2,2,2022-09-09T01:58:29Z
1568056139954397184,1,1,2022-09-09T01:58:11Z
1568055726882308098,1,4,2022-09-09T01:56:33Z
1568055477417787392,0,0,2022-09-09T01:55:33Z
1568054518390079488,5,20,2022-09-09T01:51:44Z
1568053879249551362,1,2,2022-09-09T01:49:12Z
1568053530979713026,1,1,2022-09-09T01:47:49Z
1568053507055357952,0,1,2022-09-09T01:47:43Z
1568053500570894336,0,0,2022-09-09T01:47:42Z
1568053193317273600,0,0,2022-09-09T01:46:28Z
1568053148895383553,0,0,2022-09-09T01:46:18Z
1568052383896199168,0,0,2022-09-09T01:43:15Z
1568052327965229059,0,0,2022-09-09T01:43:02Z
1568052178635333632,0,0,2022-09-09T01:42:27Z
1568051584151453697,0,0,2022-09-09T01:40:05Z
1568051264834994177,2,78,2022-09-09T01:38:49Z
1568051144340930562,0,0,2022-09-09T01:38:20Z
1568051141631410177,0,0,2022-09-09T01:38:19Z
1568050248957792259,0,2,2022-09-09T01:34:46Z
1568050047916318720,0,1,2022-09-09T01:33:59Z
1568049839199379460,0,0,2022-09-09T01:33:09Z
1568049754323525633,1,2,2022-09-09T01:32:49Z
1568049356158402560,0,0,2022-09-09T01:31:14Z
1568049122883559424,1,3,2022-09-09T01:30:18Z
1568048842205167618,0,0,2022-09-09T01:29:11Z
1568047348567113731,0,0,2022-09-09T01:23:15Z
1568047153603395585,0,1,2022-09-09T01:22:28Z
1568047064709218313,0,1,2022-09-09T01:22:07Z
1568046617097555968,0,1,2022-09-09T01:20:21Z
1568046576261554189,0,0,2022-09-09T01:20:11Z
1568046246719275011,0,0,2022-09-09T01:18:52Z
1568046148232876035,0,2,2022-09-09T01:18:29Z
1568045889591152640,0,0,2022-09-09T01:17:27Z
1568045420969951240,0,0,2022-09-09T01:15:35Z
1568045348039364608,0,0,2022-09-09T01:15:18Z
1568044625864306689,1,1,2022-09-09T01:12:26Z
1568044509317005312,0,0,2022-09-09T01:11:58Z
1568044173953040385,0,1,2022-09-09T01:10:38Z
1568044024258351106,0,0,2022-09-09T01:10:02Z
1568042509166673924,0,0,2022-09-09T01:04:01Z
1568042448538189825,0,2,2022-09-09T01:03:47Z
1568042352752705544,0,1,2022-09-09T01:03:24Z
1568042285400555520,0,1,2022-09-09T01:03:08Z
1568041927722795009,0,0,2022-09-09T01:01:43Z
1568040582378815488,0,0,2022-09-09T00:56:22Z
1568040425306615808,0,0,2022-09-09T00:55:44Z
1568040235056988164,0,0,2022-09-09T00:54:59Z
1568040178849304577,0,0,2022-09-09T00:54:46Z
1568040051619028993,0,0,2022-09-09T00:54:15Z
1568040047273988097,0,1,2022-09-09T00:54:14Z
1568039558704672768,0,17,2022-09-09T00:52:18Z
1568039491075731457,0,1,2022-09-09T00:52:02Z
1568039061457182720,0,0,2022-09-09T00:50:19Z
1568038796687540225,0,0,2022-09-09T00:49:16Z
1568038341354061825,6,9,2022-09-09T00:47:27Z
1568036528705904640,0,3,2022-09-09T00:40:15Z
1568036130909470721,0,4,2022-09-09T00:38:40Z
1568035716084400134,0,0,2022-09-09T00:37:02Z
1568034531629744128,0,0,2022-09-09T00:32:19Z
1568034144701059073,0,1,2022-09-09T00:30:47Z
1568033771781521408,0,15,2022-09-09T00:29:18Z
1568033628038352903,0,0,2022-09-09T00:28:44Z
1568033458525507586,0,0,2022-09-09T00:28:03Z
1568033147442401283,0,0,2022-09-09T00:26:49Z
1568033022582325248,0,1,2022-09-09T00:26:19Z
1568032837248368640,0,0,2022-09-09T00:25:35Z
1568032464966148096,0,3,2022-09-09T00:24:06Z
1568032032625672197,0,9,2022-09-09T00:22:23Z
1568032017597472768,0,1,2022-09-09T00:22:20Z
1568030953917894661,0,4,2022-09-09T00:18:06Z
1568030911387652099,0,4,2022-09-09T00:17:56Z
1568030888583127040,3,3,2022-09-09T00:17:51Z
1568029996005875717,0,1,2022-09-09T00:14:18Z
1568029348086824960,0,1,2022-09-09T00:11:43Z
1568028605749379072,1,4,2022-09-09T00:08:46Z
1568028268153999363,0,3,2022-09-09T00:07:26Z
1568028227892875269,11,1553,2022-09-09T00:07:16Z
1568027157267451905,0,1,2022-09-09T00:03:01Z
1568027138271621120,0,1,2022-09-09T00:02:56Z
1568026395112005633,0,0,2022-09-08T23:59:59Z
1568026389848227840,0,0,2022-09-08T23:59:58Z
1568026062340198401,0,0,2022-09-08T23:58:40Z
1568025449027993600,0,0,2022-09-08T23:56:14Z
1568025304442048514,0,1,2022-09-08T23:55:39Z
1568024539174694912,0,0,2022-09-08T23:52:37Z
1568024312111669249,0,0,2022-09-08T23:51:43Z
1568024230079664135,0,0,2022-09-08T23:51:23Z
1568024158541434881,2,12,2022-09-08T23:51:06Z
1568024116657020929,0,0,2022-09-08T23:50:56Z
1568023846573473793,0,3,2022-09-08T23:49:52Z
1568023750691508225,0,5,2022-09-08T23:49:29Z
1568023667938066432,0,1,2022-09-08T23:49:09Z
1568023535796502530,0,12,2022-09-08T23:48:38Z
1568021858972229633,0,0,2022-09-08T23:41:58Z
1568020865937203200,0,3,2022-09-08T23:38:01Z
1568020843598598145,0,1,2022-09-08T23:37:56Z
1568020800644517888,4,5,2022-09-08T23:37:45Z
1568020484112916481,0,0,2022-09-08T23:36:30Z
1568020445537894400,0,0,2022-09-08T23:36:21Z
1568020113290416128,0,2,2022-09-08T23:35:02Z
1568019987775819776,0,1,2022-09-08T23:34:32Z
1568019865889554432,19,22,2022-09-08T23:34:03Z
1568019662025248769,0,0,2022-09-08T23:33:14Z
1568019549634842624,1,0,2022-09-08T23:32:47Z
1568018923366531075,1,1,2022-09-08T23:30:18Z
1568018882933456896,0,0,2022-09-08T23:30:08Z
1568018842307416065,0,0,2022-09-08T23:29:59Z
1568018835717890054,1,0,2022-09-08T23:29:57Z
1568018699579453440,0,0,2022-09-08T23:29:25Z
1568018614183403521,2,0,2022-09-08T23:29:04Z
1568018541571366912,1,1,2022-09-08T23:28:47Z
1568018508424048644,0,0,2022-09-08T23:28:39Z
1568018235450171393,0,0,2022-09-08T23:27:34Z
1568018219100766213,0,0,2022-09-08T23:27:30Z
1568018178395246592,0,1,2022-09-08T23:27:20Z
1568017249876721665,0,8,2022-09-08T23:23:39Z
1568016937669787648,0,0,2022-09-08T23:22:24Z
1568016043058122754,0,1,2022-09-08T23:18:51Z
1568016041233764353,0,1,2022-09-08T23:18:51Z
1568015554925195265,0,0,2022-09-08T23:16:55Z
1568015551183863808,0,1,2022-09-08T23:16:54Z
1568015511098904576,0,3,2022-09-08T23:16:44Z
1568015262577995776,11,73,2022-09-08T23:15:45Z
1568014959979921409,0,7,2022-09-08T23:14:33Z
1568014551941005314,0,0,2022-09-08T23:12:56Z
1568014178685943808,0,1,2022-09-08T23:11:27Z
1568014125179215872,0,0,2022-09-08T23:11:14Z
1568013526257516545,0,0,2022-09-08T23:08:51Z
1568013320950812673,0,0,2022-09-08T23:08:02Z
1568013173663350784,0,0,2022-09-08T23:07:27Z
1568013089215508480,1,2,2022-09-08T23:07:07Z
1568012987910488069,0,3,2022-09-08T23:06:43Z
1568012909019598849,0,1,2022-09-08T23:06:24Z
1568012794158809090,2,3,2022-09-08T23:05:57Z
1568012736411627520,0,3,2022-09-08T23:05:43Z
1568012690622398465,1,2,2022-09-08T23:05:32Z
1568012379245678592,0,0,2022-09-08T23:04:18Z
1568012027238686720,0,0,2022-09-08T23:02:54Z
1568011865292414977,0,7,2022-09-08T23:02:15Z
1568011616133971968,0,2,2022-09-08T23:01:16Z
1568011543186649089,0,5,2022-09-08T23:00:58Z
